rider_id,rider_name,gender,age,vehicle_type,assigned_store_id,rating,total_deliveries_lifetime,joining_date
RD0001,Chakradev Kari,Male,23,Bike,ST015,4.3,1056,2025-10-13
RD0002,Fariq Kaul,Male,36,E-Bike,ST009,4.2,3857,2025-02-18
RD0003,Lajita Mall,Male,31,E-Bike,ST009,4.6,4146,2024-10-02
RD0004,Janya Gaba,Male,22,Bike,ST003,4.2,4265,2025-03-17
RD0005,Isha Kadakia,Male,28,Bike,ST012,4.7,3421,2026-01-20
RD0006,Ekbal Garg,Male,44,Bike,ST006,4.5,4230,2025-11-10
RD0007,Nihal Shere,Male,25,Scooter,ST002,4.2,3339,2025-11-06
RD0008,Anamika Kanda,Male,23,Bike,ST015,4.1,4922,2025-12-26
RD0009,Daksh Karnik,Male,36,E-Bike,ST003,3.8,1093,2025-03-31
RD0010,Diya Rattan,Male,24,Scooter,ST001,4.5,2911,2025-03-04
RD0011,Dominic Kakar,Male,42,Scooter,ST002,4.3,2510,2026-01-20
RD0012,Simon Tata,Male,41,Bike,ST007,3.6,3209,2025-07-15
RD0013,Tara Dhar,Male,44,Bicycle,ST002,4.2,869,2025-02-19
RD0014,Liam Koshy,Male,42,Bike,ST013,4.1,1956,2025-02-08
RD0015,Priya Rastogi,Male,25,Bike,ST008,5.0,5725,2025-12-26
RD0016,Theodore Devi,Male,24,Bike,ST005,3.8,649,2024-10-11
RD0017,Gavin Batta,Male,27,E-Bike,ST001,3.9,3819,2024-10-16
RD0018,Michael Dutta,Male,31,Scooter,ST008,4.8,3994,2025-10-12
RD0019,Devansh Rajan,Male,41,Scooter,ST003,4.9,2857,2024-09-13
RD0020,Upadhriti Wadhwa,Male,38,Bike,ST015,4.1,220,2024-12-13
RD0021,Advay Contractor,Male,35,Bicycle,ST005,4.2,225,2026-02-24
RD0022,Harini Choudhury,Male,41,Bike,ST008,4.6,1668,2025-04-28
RD0023,Radhika Dugar,Male,35,Bike,ST001,3.6,633,2025-10-07
RD0024,Aarush Lall,Male,28,Bicycle,ST002,3.7,583,2025-05-31
RD0025,Yashica Cherian,Male,29,Bike,ST004,4.3,977,2024-10-31
RD0026,Yashica Issac,Male,32,Bike,ST001,4.9,1160,2024-12-20
RD0027,Kashvi Edwin,Male,21,Scooter,ST011,4.2,5034,2025-10-25
RD0028,Ekiya Suresh,Male,38,Bike,ST015,4.4,3839,2024-11-02
RD0029,Isaac Patil,Male,35,Bike,ST015,4.8,201,2025-07-28
RD0030,Wriddhish Bhardwaj,Male,38,Bike,ST004,5.0,3778,2025-03-18
RD0031,Farhan Chada,Male,32,Bike,ST012,4.2,837,2025-03-30
RD0032,Ekapad Walia,Male,39,E-Bike,ST008,4.4,2537,2026-02-04
RD0033,Kabir Soman,Male,43,Scooter,ST001,5.0,247,2025-08-03
RD0034,Alka Wable,Male,33,Bike,ST002,3.9,559,2025-08-08
RD0035,Siddharth Zacharia,Male,30,Bike,ST009,4.8,812,2025-03-19
RD0036,Devika Rastogi,Male,21,Bike,ST007,4.0,2611,2025-04-05
RD0037,Raksha Varughese,Male,39,Scooter,ST001,4.4,2789,2025-09-14
RD0038,Jai Kota,Male,42,E-Bike,ST014,4.3,2129,2024-10-03
RD0039,Devansh Nigam,Male,37,E-Bike,ST011,4.1,3728,2025-01-17
RD0040,Victor Kannan,Male,41,bike,ST008,4.1,4328,2025-07-31
RD0041,Ekavir Bhargava,Male,41,Bike,ST015,4.5,4377,2025-08-12
RD0042,Ekansh Balay,Male,39,Bike,ST015,4.7,3482,2024-11-01
RD0043,Ekavir Varkey,Male,32,Scooter,ST015,4.4,3282,2025-11-08
RD0044,Arya Sunder,Male,21,Bike,ST004,4.4,2959,2025-06-30
RD0045,Kevin Solanki,Male,19,Scooter,ST014,4.6,1442,2025-01-18
RD0046,Urvashi Ray,Male,24,Scooter,ST008,4.1,2932,2025-10-20
RD0047,Girindra Chatterjee,Male,30,Bike,ST011,4.7,80,2026-02-25
RD0048,Irya Sampath,Male,38,Bike,ST013,4.7,5798,2025-04-27
RD0049,Unni Bhagat,Male,30,Bike,ST003,5.0,2233,2025-02-11
RD0050,Darsh Rau,Male,19,Bike,ST007,4.3,4542,2025-02-20
RD0051,Ikbal Kothari,Male,24,Bike,ST002,4.2,5741,2025-07-27
RD0052,Ranveer Yadav,Male,44,Scooter,ST005,4.7,2991,2024-10-08
RD0053,Logan Sami,Female,44,Bike,ST007,4.7,5173,2025-05-29
RD0054,Arya Shere,Female,28,Bike,ST013,4.2,2885,2024-09-26
RD0055,Faqid Savant,Male,39,Scooter,ST013,4.3,811,2024-10-03
RD0056,Chandresh Zachariah,Male,37,Scooter,ST006,4.6,178,2025-05-01
RD0057,Girik Khalsa,Female,43,Bike,ST005,4.1,831,2025-10-16
RD0058,Niharika Sunder,Male,42,Scooter,ST008,4.3,5656,2025-12-29
RD0059,Tanay Rattan,Male,35,E-Bike,ST014,4.4,2861,2024-10-29
RD0060,Nitesh Raghavan,Male,29,Scooter,ST015,4.7,1928,2025-01-21
RD0061,Madhavi Lanka,Male,35,Scooter,ST004,4.2,2687,2025-04-26
RD0062,Bhavika Sampath,Male,27,Bike,ST003,3.8,1550,2025-07-17
RD0063,Mohammed Gupta,Female,28,E-Bike,ST011,3.7,5225,2026-02-23
RD0064,Teerth Bhardwaj,Male,34,Bike,ST005,4.0,5996,2025-09-14
RD0065,Dipta Bhandari,Male,33,E-Bike,ST003,3.9,527,2025-06-28
RD0066,Vansha Thakkar,Male,34,Scooter,ST001,4.3,4317,2024-10-15
RD0067,Dakshesh Trivedi,Male,29,Bike,ST007,4.0,2026,2024-10-26
RD0068,Quincy Biswas,Male,29,bike,ST006,4.2,303,2024-12-03
RD0069,Wahab Raval,Male,19,Scooter,ST009,4.1,5534,2025-09-01
RD0070,Yatin Baral,Male,34,Scooter,ST004,4.2,390,2025-03-09
RD0071,Oni Virk,Male,33,Bike,ST011,4.9,1251,2025-01-19
RD0072,Advika Jayaraman,Male,43,Scooter,ST011,4.6,172,2025-09-06
RD0073,William Lanka,Male,32,E-Bike,ST007,4.4,2838,2025-11-23
RD0074,Karan Mital,Male,31,Bike,ST003,4.2,3605,2025-05-05
RD0075,Diya Bora,Male,20,Bike,ST008,4.2,1937,2025-12-28
RD0076,Tara Chaudhry,Male,24,Bike,ST011,4.5,447,2025-10-10
RD0077,Tanay Toor,Male,27,Scooter,ST006,4.6,714,2025-10-01
RD0078,Kevin Palla,Male,28,Bike,ST004,4.1,5601,2025-12-21
RD0079,Yash Pingle,Male,28,E-Bike,ST008,4.4,4839,2024-12-20
RD0080,Nakul Sarma,Male,29,Bike,ST006,3.7,5622,2025-10-23
RD0081,Abhiram Mistry,Male,38,Scooter,ST007,4.5,3194,2026-02-07
RD0082,Krish Lalla,Male,22,Bike,ST006,4.7,3285,2026-02-25
RD0083,Hredhaan Dugal,Male,27,Bike,ST005,4.3,4720,2025-07-19
RD0084,Baghyawati Kade,Male,23,Scooter,ST011,5.0,3707,2025-10-21
RD0085,Samar Lalla,Female,27,Bike,ST007,4.1,2629,2026-01-01
RD0086,Zayan Behl,Male,36,Bike,ST007,4.5,1765,2025-12-12
RD0087,Pallavi Malhotra,Male,20,Bicycle,ST010,4.4,2923,2026-01-06
RD0088,Aarush Nath,Male,27,Bicycle,ST006,4.4,402,2025-12-02
RD0089,Adweta Edwin,Male,19,E-Bike,ST002,4.4,1170,2025-04-05
RD0090,Prisha Andra,Female,43,Bike,ST013,4.4,4430,2025-10-08
RD0091,Faqid Dixit,Male,37,Scooter,ST001,4.7,5210,2025-04-20
RD0092,Kala Divan,Male,25,E-Bike,ST009,4.9,628,2025-11-15
RD0093,Joshua Barman,Male,24,Bike,ST004,4.4,599,2025-11-20
RD0094,Janya Baral,Male,21,Bike,ST004,4.7,531,2026-01-26
RD0095,Shivansh Krish,Male,31,Scooter,ST001,4.2,4753,2025-07-24
RD0096,Irya Ray,Female,38,Bike,ST014,4.7,1881,2025-05-25
RD0097,Warjas Gaba,Male,34,Scooter,ST007,4.1,1974,2024-12-10
RD0098,Nitara Bakshi,Male,41,Bicycle,ST006,4.8,94,2025-08-20
RD0099,Gaurangi Sabharwal,Male,27,Scooter,ST012,5.0,5836,2025-07-13
RD0100,Amara Dutta,Male,26,Bike,ST001,4.4,2615,2025-06-15
RD0101,Lavanya Barad,Male,31,Bike,ST009,3.6,4788,2025-09-09
RD0102,Tristan Iyengar,Male,24,Bike,ST008,4.2,4251,2025-12-12
RD0103,Inaya Mody,Male,44,Bike,ST009,,867,2024-12-01
RD0104,Udant Bajwa,Male,23,Scooter,ST002,4.6,4812,2025-05-01
RD0105,Mohini Narasimhan,Female,31,Scooter,ST015,4.5,3310,2025-10-04
RD0106,Ekaraj Mallick,Male,32,Bike,ST004,4.8,3633,2025-11-25
RD0107,Yashodhara Ratta,Male,20,Bike,ST011,4.6,1217,2025-11-03
RD0108,Ayaan D’Alia,Male,31,E-Bike,ST012,4.8,5084,2025-11-14
RD0109,Pranav Lanka,Male,30,Bike,ST006,4.7,5591,2025-12-14
RD0110,Ikbal Saraf,Male,25,Bike,ST002,4.9,2450,2026-02-09
RD0111,Dipta Sarin,Male,22,Bike,ST005,4.5,573,2025-08-04
RD0112,Lekha Gupta,Male,20,Scooter,ST013,4.7,5095,2025-01-24
RD0113,Chaitanya Sarin,Male,19,Bike,ST014,4.3,5326,2025-07-11
RD0114,Zinal Yohannan,Male,31,Scooter,ST015,4.2,3048,2025-09-27
RD0115,Januja Sankar,Female,21,Bike,ST004,5.0,3483,2024-11-05
RD0116,Ganga Murthy,Male,43,Scooter,ST010,4.5,1353,2025-10-22
RD0117,Charita Tripathi,Male,25,bike,ST003,4.7,423,2025-07-01
RD0118,Nilima Narain,Male,35,Bike,ST011,4.4,5665,2026-01-26
RD0119,Chakrika Datta,Male,36,Bike,ST007,4.2,2908,2025-01-04
RD0120,Osha Raghavan,Male,31,Bike,ST011,4.4,1664,2026-01-11
RD0121,Charvi Ravi,Male,41,Bike,ST011,4.9,4165,2025-05-10
RD0122,Daksha Mangat,Male,21,Bike,ST015,4.6,176,2025-07-16
RD0123,Qushi Nagy,Female,25,Bike,ST008,3.8,498,2025-09-01
RD0124,Riya Sathe,Male,25,Bike,ST006,4.3,1471,2025-07-19
RD0125,Yasti Solanki,Male,22,E-Bike,ST008,5.0,2714,2026-01-09
RD0126,Frado Mander,Male,26,Bike,ST003,4.3,2212,2024-12-11
RD0127,Girik Keer,Female,27,Scooter,ST002,3.8,1140,2025-10-08
RD0128,Umang Issac,Male,38,Bicycle,ST008,5.0,2121,2026-02-16
RD0129,Aryan Batra,Male,26,Bike,ST013,4.6,2016,2025-01-08
RD0130,Vaishnavi Bora,Male,41,Scooter,ST008,4.4,3157,2025-01-27
RD0131,Oeshi Hayer,Female,39,E-Bike,ST012,4.3,3385,2025-05-25
RD0132,Warda Ratta,Female,42,Scooter,ST003,4.8,5301,2025-10-05
RD0133,Manbir Ahluwalia,Male,21,Bike,ST007,4.2,4844,2026-02-08
RD0134,Pavani Kanda,Female,44,Bike,ST010,4.8,1768,2025-11-12
RD0135,Zarna Shetty,Female,34,Bike,ST006,4.6,5417,2025-11-11
RD0136,Zaid Dara,Male,44,Bike,ST001,4.5,3134,2025-05-07
RD0137,Kiaan Shetty,Male,28,Bicycle,ST002,4.5,1142,2025-08-24
RD0138,Saanvi Thaman,Male,43,Bicycle,ST014,4.3,2054,2025-01-03
RD0139,Sanaya Dutt,Male,34,Bike,ST010,4.8,4455,2025-05-18
RD0140,Shivani Lad,Male,20,Scooter,ST004,4.1,4934,2024-12-23
RD0141,Aradhana Verma,Male,29,Bike,ST004,3.8,2257,2024-09-27
RD0142,William Maharaj,Male,22,E-Bike,ST001,4.6,962,2025-12-15
RD0143,Faras Mangal,Male,43,Bike,ST015,4.6,1167,2025-11-17
RD0144,Anita Nayak,Female,26,E-Bike,ST002,4.6,638,2025-06-13
RD0145,Faris Devi,Male,24,Scooter,ST012,4.5,4198,2024-09-20
RD0146,Vihaan Rajagopal,Male,33,Bike,ST004,4.3,3027,2024-10-31
RD0147,Tanish Bhatt,Male,30,Bike,ST006,4.7,2718,2024-11-11
RD0148,Nikita Narayanan,Male,21,Scooter,ST005,4.4,4037,2025-10-01
RD0149,Ojasvi Bhatia,Male,40,Bike,ST013,4.2,4975,2024-12-30
RD0150,Osha Ramachandran,Male,40,Bike,ST001,,4777,2025-01-24
RD0151,Lajita Sood,Male,38,E-Bike,ST006,,840,2025-12-17
RD0152,Indira Misra,Male,35,Scooter,ST005,3.8,3545,2025-12-25
RD0153,Oni Yohannan,Male,29,Bike,ST005,4.6,5297,2025-10-26
RD0154,Vinaya Kanda,Male,33,Bike,ST003,3.8,4647,2025-02-25
RD0155,Rajata Sunder,Female,32,Bike,ST014,4.4,1989,2025-07-20
RD0156,Lopa Nayar,Male,23,Bicycle,ST006,4.2,2368,2024-12-29
RD0157,Noah Sibal,Male,21,Bike,ST007,3.7,5343,2025-12-15
RD0158,Avi Ramesh,Male,25,Bike,ST006,4.5,216,2024-10-28
RD0159,Fiyaz Sangha,Male,30,Bike,ST015,4.3,3162,2025-10-16
RD0160,Triya Gopal,Male,23,Bicycle,ST006,3.7,714,2025-06-13
RD0161,Abha Raghavan,Male,21,Bike,ST006,4.7,5369,2025-10-23
RD0162,Siddharth Sha,Male,41,E-Bike,ST005,4.9,251,2025-05-12
RD0163,Geetika Raghavan,Male,28,Scooter,ST005,4.9,159,2024-12-06
RD0164,Oviya Krishnan,Male,34,Scooter,ST002,4.5,1987,2025-10-19
RD0165,Upma Bahl,Male,32,Bicycle,ST010,4.4,1216,2025-08-16
RD0166,Inaya Kapur,Male,38,Scooter,ST001,4.9,2983,2025-05-19
RD0167,Banjeet Balasubramanian,Male,38,E-Bike,ST004,5.0,1811,2025-03-31
RD0168,Ryan Bahri,Male,26,Bike,ST004,4.8,2150,2025-03-15
RD0169,William Date,Male,41,Scooter,ST005,4.1,3398,2025-05-28
RD0170,Ishwar Kamdar,Male,28,Bike,ST012,4.5,3372,2025-01-30
RD0171,Aahana Pillay,Male,40,Bike,ST009,4.6,5610,2025-02-11
RD0172,Ishwar Gade,Female,29,E-Bike,ST015,3.8,2894,2025-02-08
RD0173,Hritik Bal,Male,21,Bicycle,ST006,4.6,3394,2024-09-19
RD0174,Keya Ranganathan,Male,38,Scooter,ST014,5.0,4074,2026-01-22
RD0175,Faqid Kibe,Male,19,Bike,ST001,4.6,1061,2025-01-17
RD0176,Charvi Dara,Male,39,Bike,ST008,4.9,4008,2024-12-10
RD0177,Idika Walia,Female,20,Bike,ST012,4.5,5174,2024-12-02
RD0178,Kamala Biswas,Male,24,Bike,ST008,4.4,1922,2026-02-23
RD0179,Advik Salvi,Female,34,Bike,ST014,4.5,1086,2025-05-26
RD0180,Hitesh Sant,Male,43,Bike,ST005,4.1,2090,2025-03-06
RD0181,Tripti Dua,Male,29,Bike,ST001,4.1,1664,2025-04-17
RD0182,Patrick Vig,Male,22,Scooter,ST012,4.8,3519,2024-10-30
RD0183,Veda Shroff,Male,25,Bike,ST002,4.9,5185,2025-02-27
RD0184,Amrita Naidu,Male,42,E-Bike,ST012,4.1,3586,2025-01-24
RD0185,Gabriel Mallick,Male,37,Scooter,ST012,4.7,770,2025-11-16
RD0186,Yagnesh Shetty,Female,21,Bike,ST013,4.4,1901,2024-10-14
RD0187,Gayathri Balakrishnan,Male,29,Bike,ST008,4.5,4142,2025-04-28
RD0188,Ekta Gopal,Female,25,Bike,ST014,4.6,1995,2025-11-09
RD0189,Simon Pant,Male,23,Bicycle,ST003,4.7,3526,2025-12-02
RD0190,Harini Mammen,Male,41,Bike,ST007,4.4,4170,2025-06-14
RD0191,Advaith Varughese,Male,35,Bike,ST002,4.9,1988,2025-01-10
RD0192,Frederick Khurana,Male,23,E-Bike,ST012,4.5,3891,2025-03-12
RD0193,Vrinda Khosla,Male,35,bicycle,ST011,4.6,2400,2025-01-09
RD0194,Vritti Sem,Male,29,Bike,ST013,4.1,827,2025-09-02
RD0195,Girik Menon,Male,20,Bike,ST012,5.0,2245,2025-02-16
RD0196,Nidhi Kohli,Male,30,Bike,ST005,4.6,2657,2025-08-16
RD0197,Jyoti Solanki,Male,23,Bike,ST002,4.6,34,2025-08-29
RD0198,Pavani Narayanan,Male,25,Bike,ST014,3.8,5358,2026-01-28
RD0199,Sudiksha Madan,Male,41,Scooter,ST008,4.1,3176,2025-03-30
RD0200,Zayan Kashyap,Male,37,E-Bike,ST002,4.8,237,2026-02-09
RD0201,Reyansh Mutti,Male,22,Bike,ST014,4.5,5210,2025-04-15
RD0202,Qasim Handa,Male,41,Scooter,ST015,3.7,5133,2025-09-12
RD0203,Veda Malhotra,Male,33,Bike,ST007,4.8,92,2025-09-01
RD0204,Harish Hari,Male,41,Scooter,ST012,4.2,995,2025-11-24
RD0205,Utkarsh Patel,Male,38,Scooter,ST001,4.9,2195,2025-05-21
RD0206,Chasmum Atwal,Male,27,e-bike,ST002,4.4,3053,2025-11-10
RD0207,Anusha Bath,Male,32,E-Bike,ST005,4.5,4360,2025-03-22
RD0208,Brinda Date,Male,32,Bike,ST010,4.8,2557,2025-06-02
RD0209,Harshil Arora,Male,37,Bike,ST003,4.1,3678,2025-06-07
RD0210,Upasna Srinivas,Male,25,Bike,ST001,4.1,80,2025-09-24
RD0211,Harini Gour,Male,27,Bike,ST011,4.3,3958,2025-08-09
RD0212,Zayyan Sridhar,Male,25,E-Bike,ST012,4.7,5494,2024-10-24
RD0213,Dhruv Rattan,Male,26,Bike,ST012,3.9,3166,2025-11-19
RD0214,Ethan Bera,Male,23,Scooter,ST012,3.8,2740,2025-10-23
RD0215,Manthan Modi,Male,19,Bike,ST013,4.7,1796,2024-11-07
RD0216,Yuvraj Dani,Male,43,Bike,ST010,4.2,5726,2026-02-09
RD0217,Upkaar Virk,Male,20,Bike,ST008,4.3,218,2025-09-01
RD0218,Shravya Savant,Female,42,Scooter,ST013,3.8,1734,2024-10-28
RD0219,Pushti Mody,Male,19,Scooter,ST006,4.2,849,2025-06-02
RD0220,Hardik Johal,Male,39,Bike,ST002,4.4,5200,2025-12-04
RD0221,Aishani Bumb,Male,27,Bike,ST012,4.7,2905,2025-02-09
RD0222,Wriddhish Ghose,Male,32,Scooter,ST005,4.1,5535,2026-01-25
RD0223,Naksh Agate,Male,26,Bike,ST015,5.0,3997,2025-04-24
RD0224,Shravya Singhal,Male,31,E-Bike,ST007,4.2,3349,2025-01-12
RD0225,Bachittar Kata,Male,30,Bike,ST013,4.2,3114,2025-03-22
RD0226,Barkha Setty,Male,32,Bike,ST001,4.9,1232,2025-06-20
RD0227,Vivaan Lalla,Male,29,Bike,ST010,4.5,3381,2025-09-16
RD0228,Pavani Contractor,Male,32,Bike,ST007,4.2,4117,2026-01-22
RD0229,Manthan Lata,Male,40,Bike,ST007,4.3,5792,2024-12-26
RD0230,Ekbal Bhasin,Male,30,Bike,ST004,4.9,3302,2026-02-08
RD0231,Damyanti Mani,Male,28,Bicycle,ST015,4.9,5634,2025-06-22
RD0232,Jeet Sidhu,Male,22,Bike,ST006,4.1,5668,2024-11-20
RD0233,Neha Magar,Male,28,Bike,ST013,4.4,3144,2026-01-21
RD0234,Raksha Buch,Male,22,Bike,ST007,4.4,2646,2025-03-18
RD0235,Rachana Naidu,Male,23,Bike,ST001,4.1,873,2025-08-11
RD0236,Atharv Chand,Male,43,Scooter,ST014,4.4,1625,2025-09-21
RD0237,Ansh Luthra,Male,21,Bike,ST003,4.4,5276,2024-09-20
RD0238,Parth Singhal,Male,31,Scooter,ST005,4.8,846,2025-01-09
RD0239,Arunima Golla,Male,40,Bike,ST013,4.8,2394,2025-09-15
RD0240,Vyanjana Chand,Male,43,Bicycle,ST014,4.3,4197,2025-03-05
RD0241,Ijaya Rege,Male,22,Bike,ST014,4.3,1458,2024-09-17
RD0242,Ekani Cheema,Male,23,E-Bike,ST007,4.6,5845,2024-09-25
RD0243,Forum Sabharwal,Male,28,Bike,ST012,4.2,3903,2025-11-29
RD0244,Bhavya Rattan,Male,33,Bike,ST005,4.6,189,2024-12-04
RD0245,Suhani Chakrabarti,Male,43,Scooter,ST012,4.4,1498,2024-11-05
RD0246,Zayyan Naik,Female,24,Scooter,ST008,4.1,4447,2025-07-10
RD0247,Netra Varkey,Male,23,Scooter,ST001,4.1,5181,2024-11-15
RD0248,Turvi Sachdev,Male,25,Bike,ST007,4.9,5563,2025-08-28
RD0249,Raghav Vasa,Female,41,Scooter,ST008,4.3,5109,2025-07-01
RD0250,Wishi Sathe,Female,19,E-Bike,ST004,5.0,467,2025-08-26
RD0251,Samar Loke,Male,28,Scooter,ST006,4.2,4383,2025-06-03
RD0252,Bhavna Sarma,Male,22,Bike,ST008,4.5,678,2025-11-03
RD0253,Jairaj Balakrishnan,Male,23,Scooter,ST001,5.0,477,2025-08-23
RD0254,Nathan Mukhopadhyay,Male,42,Scooter,ST003,4.0,4157,2025-04-23
RD0255,Nikita Chander,Male,19,Bicycle,ST012,3.7,2879,2024-09-21
RD0256,Ishaan Shenoy,Male,27,Bike,ST006,4.9,3894,2025-02-06
RD0257,Mitesh Tara,Male,42,Bike,ST010,4.1,5111,2024-11-22
RD0258,Yashodhara Mahajan,Male,34,Scooter,ST009,4.4,431,2024-09-21
RD0259,Vasudha Sodhi,Male,20,Bike,ST009,4.2,3174,2025-02-06
RD0260,Tanmayi Dhillon,Male,31,Scooter,ST007,4.5,5009,2025-01-01
RD0261,Rayaan Trivedi,Male,44,Bike,ST008,4.1,2652,2024-10-24
RD0262,Ekaraj Majumdar,Male,29,Bike,ST013,4.3,3150,2025-02-27
RD0263,Harini Tripathi,Male,32,Scooter,ST015,4.6,2997,2025-06-11
RD0264,Aarnav Mandal,Male,32,Bike,ST004,4.0,5445,2024-12-17
RD0265,Vrishti Dixit,Male,36,bike,ST011,4.2,318,2025-02-06
RD0266,Veda Pai,Male,23,Scooter,ST015,4.3,5270,2024-09-23
RD0267,Krishna Shah,Male,40,Scooter,ST001,3.9,4901,2024-10-09
RD0268,Ranbir Khare,Male,44,E-Bike,ST012,4.3,4878,2024-12-06
RD0269,Vivaan Roy,Male,22,Bike,ST008,4.4,2485,2025-05-13
RD0270,Eesha Solanki,Male,40,Bike,ST015,4.3,3105,2025-09-04
RD0271,Libni Doshi,Male,40,Bicycle,ST009,4.3,2226,2025-11-08
RD0272,Balhaar Date,Male,38,Bike,ST013,4.4,1525,2025-08-15
RD0273,Harish Sarraf,Female,28,Bike,ST003,4.2,5255,2025-08-09
RD0274,Tanmayi Aurora,Female,31,Bike,ST003,4.6,3045,2026-01-26
RD0275,Nimrat Dubey,Male,40,Bike,ST014,4.9,4345,2025-01-27
RD0276,Upasna Lanka,Male,22,E-Bike,ST008,4.2,622,2025-11-14
RD0277,Mitali Buch,Male,40,Scooter,ST009,4.6,4737,2026-01-27
RD0278,Lajita Nadig,Male,42,Scooter,ST003,4.3,3959,2025-07-13
RD0279,Balendra Biswas,Male,36,Bike,ST004,4.5,5985,2025-12-06
RD0280,Bhavna Karan,Male,27,Bike,ST013,4.9,821,2024-11-25
RD0281,Radha Chaudhari,Male,33,Bike,ST005,4.6,3249,2025-12-27
RD0282,Sachi Ganesan,Male,20,Bike,ST009,3.8,3076,2025-07-11
RD0283,Ayush Batra,Male,43,Bike,ST005,4.6,3239,2025-01-09
RD0284,Daksh Memon,Male,27,Bike,ST004,4.8,345,2024-10-15
RD0285,Kavya Sankar,Male,20,Bike,ST003,,2849,2025-10-03
RD0286,Yash Wali,Male,39,Scooter,ST014,4.7,1811,2025-05-01
RD0287,Pranit Garde,Male,36,Scooter,ST015,4.2,3711,2025-02-25
RD0288,Farhan Raja,Male,35,Bike,ST002,3.9,1407,2025-04-09
RD0289,Widisha Dhar,Male,20,Bike,ST006,4.4,2621,2026-02-25
RD0290,Triya Kumar,Male,38,Scooter,ST009,3.8,3727,2025-04-29
RD0291,Aadhya Andra,Male,35,Scooter,ST006,4.3,402,2024-10-25
RD0292,Bhavna Dugar,Male,39,Scooter,ST011,4.9,4724,2025-02-09
RD0293,Riya Pai,Female,40,Bike,ST004,3.7,4300,2024-11-29
RD0294,Panini Krishna,Male,24,Scooter,ST001,4.0,362,2025-09-14
RD0295,Chasmum Issac,Female,24,Bike,ST006,4.0,407,2025-11-15
RD0296,Vasudha Chhabra,Male,43,Bike,ST009,4.4,5104,2025-12-06
RD0297,Lakshmi Parmer,Male,32,Bike,ST003,4.3,1714,2025-08-17
RD0298,Chakrika Bains,Male,30,Bike,ST013,4.9,5167,2025-10-29
RD0299,Anvi Anand,Male,26,Bike,ST001,4.7,3005,2025-04-24
RD0300,Watika Mangat,Female,35,Bike,ST002,4.6,2066,2025-08-14
RD0301,Indira Kanda,Male,38,Scooter,ST008,4.5,1655,2024-11-09
RD0302,Zashil Devan,Male,19,Bike,ST008,4.5,3960,2025-06-28
RD0303,Balveer More,Male,33,Bike,ST005,4.1,676,2025-07-08
RD0304,Bahadurjit Patla,Male,44,Bike,ST004,4.7,2427,2024-09-29
RD0305,Gautam Merchant,Male,26,Bike,ST002,4.0,2088,2025-07-03
RD0306,Ojasvi Gill,Male,26,bike,ST010,4.7,942,2025-10-04
RD0307,Kevin Zacharia,Male,41,Bike,ST006,4.8,2129,2025-03-28
RD0308,Yachana Mahajan,Male,20,Bike,ST002,4.5,3181,2025-07-01
RD0309,Aarini Subramaniam,Male,29,Scooter,ST006,4.3,4071,2025-02-13
RD0310,Hamsini Contractor,Male,30,E-Bike,ST015,4.5,536,2025-02-04
RD0311,Faqid Dhaliwal,Male,39,Bike,ST004,3.4,5236,2024-11-21
RD0312,Mekhala Pau,Male,22,Scooter,ST014,4.5,5273,2025-03-07
RD0313,Megha Atwal,Male,30,E-Bike,ST004,4.4,4158,2025-11-16
RD0314,Jatin Sha,Female,22,Bicycle,ST003,4.4,5547,2026-01-26
RD0315,Adweta Raj,Male,39,Scooter,ST004,4.6,2579,2025-08-19
RD0316,Hritik Kaur,Male,35,E-Bike,ST005,4.4,4933,2025-08-13
RD0317,Aryan Narang,Male,31,E-Bike,ST002,4.0,4369,2025-08-07
RD0318,Dev Shetty,Male,29,Scooter,ST009,4.4,3383,2025-05-25
RD0319,Nilima Dada,Male,22,Bike,ST006,4.4,1093,2025-04-27
RD0320,Chakradev Barad,Male,42,Bike,ST011,4.4,3354,2025-08-11
RD0321,Waida D’Alia,Male,35,Bike,ST008,4.5,5410,2025-11-06
RD0322,Wahab Yogi,Male,27,Bike,ST007,4.8,5907,2025-04-22
RD0323,Lipika Setty,Female,29,bike,ST008,4.0,2699,2025-07-12
RD0324,Oni Dubey,Male,37,Bike,ST003,4.5,1502,2025-05-22
RD0325,Hardik Suri,Male,37,Scooter,ST011,4.9,4490,2025-02-12
RD0326,Ati Bali,Male,30,Scooter,ST002,3.8,474,2025-02-15
RD0327,Teerth Sawhney,Male,26,Scooter,ST011,4.5,923,2024-10-25
RD0328,Warinder Patil,Male,36,Bike,ST015,4.2,3380,2025-05-06
RD0329,Jhalak Parmer,Male,36,Bike,ST012,4.3,5941,2025-09-29
RD0330,Mitali Majumdar,Female,34,Scooter,ST007,4.1,1986,2025-09-14
RD0331,Jason Sha,Male,20,Scooter,ST005,4.3,2671,2026-02-22
RD0332,Simon Bail,Male,31,Bicycle,ST014,5.0,1947,2024-10-04
RD0333,Gauri Kohli,Male,34,E-Bike,ST004,4.0,2654,2025-10-24
RD0334,Samesh Biswas,Male,43,E-Bike,ST008,4.0,62,2025-11-12
RD0335,Tarak Kaul,Female,32,Bike,ST012,3.9,3576,2025-05-04
RD0336,Manbir Agate,Male,27,Bike,ST014,,3585,2025-02-11
RD0337,Maanav De,Male,33,Bike,ST014,4.2,1907,2025-03-23
RD0338,Owen Choudhary,Male,23,Scooter,ST002,4.4,1598,2025-09-13
RD0339,Karan Aurora,Female,21,E-Bike,ST014,4.3,4574,2025-12-18
RD0340,Wazir Naik,Male,36,Bike,ST002,4.1,1143,2025-08-22
RD0341,Owen Lanka,Female,44,Scooter,ST009,4.3,301,2025-06-15
RD0342,Jonathan Sama,Male,40,Bike,ST014,5.0,261,2025-08-28
RD0343,Devansh Soni,Male,34,Bike,ST010,4.9,5292,2024-10-20
RD0344,Janaki Varghese,Male,20,Bike,ST015,4.1,2198,2025-08-04
RD0345,Siya Thakur,Male,44,Bike,ST006,4.6,628,2024-10-05
RD0346,Caleb Verma,Male,30,E-Bike,ST005,4.1,5276,2026-02-08
RD0347,Tara Balasubramanian,Male,26,Bike,ST005,3.8,908,2026-01-01
RD0348,Varenya Ratti,Male,42,Scooter,ST006,4.8,2033,2025-06-11
RD0349,Hritik Swaminathan,Male,38,Scooter,ST011,,143,2025-04-01
RD0350,Ethan Buch,Male,38,Bike,ST007,4.8,4080,2025-10-09
RD0351,Manbir Bhatti,Male,26,Bike,ST012,4.2,4201,2025-08-20
RD0352,Anvi Nair,Male,44,Scooter,ST007,4.3,4544,2025-09-25
RD0353,Chaitaly Setty,Male,30,Bike,ST005,4.7,1593,2025-06-15
RD0354,Hardik Contractor,Male,32,E-Bike,ST003,4.5,1982,2025-01-17
RD0355,Qushi Seth,Female,38,Bike,ST009,4.3,5629,2024-10-22
RD0356,Odika Nori,Male,36,Scooter,ST014,3.8,4933,2025-02-11
RD0357,Mohini Sagar,Male,23,Scooter,ST013,4.4,242,2025-06-23
RD0358,Dhriti Sane,Female,26,Bike,ST004,4.8,4157,2025-04-27
RD0359,Aadhya Prasad,Male,28,Bike,ST008,,4880,2025-06-10
RD0360,Urvi Bhavsar,Male,43,Bicycle,ST011,4.6,3364,2025-02-08
RD0361,Frederick Chander,Male,37,Bike,ST010,4.5,3846,2026-01-27
RD0362,Gopal Pradhan,Male,28,Bike,ST002,4.7,25,2025-03-28
RD0363,Darpan Narayan,Female,38,Bike,ST009,4.7,199,2025-12-09
RD0364,Nirja Pandya,Male,38,Bike,ST001,4.2,229,2025-04-10
RD0365,Charan Mani,Male,29,Scooter,ST002,3.8,970,2025-05-08
RD0366,Indira Chawla,Male,29,Scooter,ST010,4.2,5945,2025-08-02
RD0367,Mohammed Subramaniam,Female,42,Bike,ST002,4.7,3813,2025-01-31
RD0368,Hritik Palla,Male,33,Scooter,ST006,4.2,4698,2025-01-08
RD0369,Ishwar Mallick,Male,22,Bike,ST009,4.2,1787,2025-04-03
RD0370,Pushti Bal,Male,37,Bike,ST010,3.8,5626,2025-11-17
RD0371,Ayush Gole,Male,34,Scooter,ST007,5.0,1209,2024-11-29
RD0372,Dayamai Nori,Male,32,Bicycle,ST002,4.7,5415,2025-05-05
RD0373,Abeer Golla,Female,37,Bike,ST012,4.7,204,2025-09-07
RD0374,Nandini Boase,Male,42,Bike,ST015,4.7,142,2025-09-25
RD0375,Azaan Chand,Male,27,Bike,ST014,4.6,491,2025-05-03
RD0376,Krisha Saini,Male,29,scooter,ST012,4.3,4755,2024-10-26
RD0377,Harita Dugar,Male,23,Bike,ST007,4.3,1559,2024-09-21
RD0378,Devika Nair,Male,35,Bike,ST014,4.3,2717,2025-05-22
RD0379,Charles Dugal,Male,29,Scooter,ST008,5.0,2838,2025-11-20
RD0380,Chandran Bumb,Male,27,Bike,ST003,4.6,4741,2024-09-28
RD0381,Saanvi Samra,Male,37,Bike,ST013,4.2,2105,2025-12-31
RD0382,Riya Sachdeva,Male,29,Bike,ST005,4.6,60,2025-09-09
RD0383,Tanveer Vala,Male,31,Bike,ST015,4.0,2331,2024-09-17
RD0384,Hemani Sani,Female,30,Bike,ST006,4.9,1743,2025-03-15
RD0385,Bhanumati Sur,Male,25,e-bike,ST014,4.2,4390,2025-01-08
RD0386,Chakradev Kannan,Male,22,Scooter,ST009,4.6,4512,2026-02-02
RD0387,Christopher Amble,Male,40,Scooter,ST008,4.8,569,2025-07-06
RD0388,Charvi Kakar,Male,21,Bicycle,ST005,,4762,2025-03-05
RD0389,Aadhya Mann,Male,27,Bike,ST013,4.4,441,2025-02-08
RD0390,Jagdish Amble,Male,36,Bike,ST001,4.4,3725,2025-07-11
RD0391,Qushi Gill,Male,22,E-Bike,ST008,4.4,2347,2024-09-15
RD0392,Lajita Walia,Male,36,Bike,ST006,4.2,1821,2025-01-28
RD0393,Xiti Pandya,Male,38,Scooter,ST009,4.2,2909,2024-12-10
RD0394,Mekhala Basak,Male,36,Scooter,ST004,4.9,1875,2025-08-10
RD0395,Anirudh Sharaf,Male,26,Bike,ST010,4.4,4767,2025-09-06
RD0396,Dhriti Sanghvi,Male,19,Bike,ST006,4.1,5801,2025-05-20
RD0397,Omisha Mann,Male,42,Bike,ST003,4.2,4898,2024-11-26
RD0398,Nidhi Bail,Male,27,Bike,ST003,4.8,2646,2025-03-30
RD0399,Onveer Sharma,Male,39,Bike,ST011,4.6,3029,2025-12-07
RD0400,Gaurang Sarkar,Female,24,Bike,ST004,4.6,2693,2024-12-30
RD0401,Yagnesh Sarin,Male,23,Scooter,ST005,4.3,4765,2024-12-09
RD0402,Farhan Randhawa,Male,39,E-Bike,ST010,4.6,3322,2024-11-11
RD0403,Harinakshi Kant,Male,43,Scooter,ST005,4.2,2819,2025-11-23
RD0404,Om Bose,Male,41,Bike,ST006,4.3,2468,2024-11-16
RD0405,Yashvi Hari,Female,38,Bike,ST004,4.7,2262,2025-07-21
RD0406,Indali Divan,Male,25,Bike,ST006,4.7,3324,2026-03-01
RD0407,Harshil Dhingra,Male,42,Bike,ST011,4.1,4140,2025-08-22
RD0408,Rudra Ghose,Male,36,E-Bike,ST009,4.1,2605,2025-04-21
RD0409,Faqid Goel,Male,23,Bike,ST015,4.4,4843,2025-01-01
RD0410,Ucchal Sen,Female,22,Bike,ST012,5.0,4963,2024-09-14
RD0411,Diya Dora,Male,41,Scooter,ST001,3.7,2585,2024-12-05
RD0412,Ekansh Singh,Male,26,Bike,ST006,4.5,5456,2026-02-04
RD0413,Chavvi Maharaj,Male,38,Bike,ST005,3.9,1054,2024-11-28
RD0414,Indira Tripathi,Male,22,Bike,ST009,4.2,5594,2024-09-23
RD0415,Dayita Shenoy,Male,26,Scooter,ST004,4.3,1778,2025-11-23
RD0416,Baljiwan Bhandari,Female,26,Scooter,ST015,4.3,3394,2025-04-24
RD0417,Bhavini Bose,Male,26,Bike,ST005,4.2,1715,2025-03-22
RD0418,Yashica Rajagopalan,Male,36,E-Bike,ST008,4.4,2664,2025-10-01
RD0419,Benjamin Sengupta,Male,42,E-Bike,ST002,4.2,2053,2025-06-19
RD0420,Ekanta Soni,Male,42,Scooter,ST014,3.9,4237,2026-01-15
RD0421,David Seshadri,Female,38,bike,ST014,4.7,505,2025-05-21
RD0422,Hemal Chad,Male,24,Bike,ST012,4.7,5033,2025-09-29
RD0423,Balveer Kota,Male,43,E-Bike,ST006,4.7,5424,2025-12-27
RD0424,Reva Viswanathan,Male,33,Bike,ST001,3.9,3386,2025-05-19
RD0425,Januja Pradhan,Male,33,scooter,ST011,4.5,3292,2025-02-12
RD0426,Lila Rege,Male,37,Scooter,ST007,4.6,4205,2026-02-16
RD0427,Charles Natt,Male,38,Bike,ST015,4.0,1210,2025-01-12
RD0428,Forum Chandra,Male,43,Scooter,ST011,4.4,4503,2024-10-04
RD0429,Bhanumati Krishnan,Male,34,E-Bike,ST009,4.4,1327,2025-07-19
RD0430,Gauri Bumb,Male,34,Scooter,ST015,5.0,4064,2026-02-22
RD0431,Inaya Mukherjee,Male,38,Bike,ST013,5.0,1847,2024-10-29
RD0432,Kai Chad,Male,25,E-Bike,ST007,3.8,4481,2025-12-11
RD0433,Krisha Narasimhan,Male,27,Bike,ST001,5.0,4750,2025-12-01
RD0434,Girik Sampath,Male,35,Scooter,ST002,4.1,1267,2026-01-22
RD0435,Andrew Patil,Male,20,Scooter,ST007,4.7,3712,2025-04-26
RD0436,Pranit Kala,Male,27,Scooter,ST009,4.7,3000,2025-01-27
RD0437,Vedika Handa,Male,37,Bike,ST001,4.1,1778,2025-06-13
RD0438,Laksh Dubey,Male,44,Bike,ST002,4.6,3537,2024-11-28
RD0439,Chakrika Chaudhuri,Male,32,Bike,ST011,4.4,5956,2025-12-07
RD0440,Gayathri Deep,Male,29,Bike,ST012,4.6,34,2025-09-02
RD0441,Mitesh Gaba,Male,30,Bike,ST001,4.5,5742,2025-05-29
RD0442,Noah Sarma,Male,36,Scooter,ST008,4.8,5138,2025-06-15
RD0443,Nirja Patla,Male,33,Bike,ST002,4.4,3185,2025-09-28
RD0444,Sachi Mane,Male,19,Scooter,ST011,4.3,3667,2025-06-19
RD0445,Vivaan Walla,Male,33,E-Bike,ST013,4.8,2227,2025-12-06
RD0446,Dayamai Singh,Male,29,Bike,ST014,4.6,792,2026-01-20
RD0447,Jhalak Sastry,Male,37,Scooter,ST009,4.7,3437,2026-02-03
RD0448,Baghyawati Raja,Male,41,Scooter,ST010,4.2,4901,2025-08-10
RD0449,Neel Iyengar,Male,44,Bike,ST014,4.0,1402,2025-10-15
RD0450,Zashil Ben,Male,34,Bike,ST010,4.2,4308,2025-02-26
RD0451,Kamya Chauhan,Male,28,Scooter,ST007,4.2,4493,2024-10-03
RD0452,Bhavani Chacko,Male,30,Bicycle,ST012,4.7,4554,2025-04-15
RD0453,Anjali Sengupta,Male,23,Scooter,ST009,4.7,2053,2025-12-23
RD0454,Rajeshri Chand,Male,43,E-Bike,ST013,4.3,2364,2024-11-23
RD0455,Shravya Palla,Female,41,Bicycle,ST008,4.9,2508,2025-07-01
RD0456,Oeshi Bera,Female,41,Bike,ST014,4.9,5128,2024-12-24
RD0457,Yadavi Prakash,Male,27,Scooter,ST001,4.5,5404,2025-04-30
RD0458,Libni Bumb,Male,27,Bike,ST001,4.1,2495,2024-11-28
RD0459,Udarsh Bala,Male,41,Bicycle,ST002,5.0,5820,2025-10-11
RD0460,Hardik Nayak,Male,33,bike,ST009,4.4,3431,2025-11-20
RD0461,Laksh Barad,Male,37,Bike,ST011,4.4,2322,2025-10-23
RD0462,Urmi Dewan,Male,31,E-Bike,ST004,4.3,23,2025-09-25
RD0463,Saumya Ahluwalia,Male,30,Bike,ST003,4.1,3674,2025-01-16
RD0464,Anirudh Kunda,Male,35,Scooter,ST013,3.9,3876,2025-06-23
RD0465,Mason Wable,Male,40,Bike,ST012,4.6,5810,2024-11-08
RD0466,Indrajit Mani,Male,27,Bicycle,ST010,4.1,4314,2025-04-01
RD0467,Charvi Dara,Male,40,E-Bike,ST008,5.0,197,2025-06-10
RD0468,William Saini,Male,25,Bike,ST007,4.0,3411,2025-09-05
RD0469,Dev Choudhry,Male,29,Scooter,ST001,4.0,4461,2024-11-03
RD0470,Amol Varma,Male,42,Bike,ST003,4.6,2989,2025-11-21
RD0471,Maanas Manne,Male,43,Scooter,ST014,4.9,2587,2025-05-16
RD0472,Aarav Pandit,Male,43,Scooter,ST006,4.4,4863,2025-12-28
RD0473,Omaja Grover,Male,27,Scooter,ST011,4.6,3676,2025-06-22
RD0474,Jalsa Bir,Male,40,Bike,ST011,3.8,4094,2025-07-02
RD0475,Madhavi Singhal,Male,43,Bike,ST005,4.2,2795,2025-09-18
RD0476,Lila Prakash,Male,44,Scooter,ST004,4.0,1682,2025-11-25
RD0477,Amol Parikh,Male,19,Scooter,ST011,3.7,3124,2024-12-06
RD0478,Hemani Khosla,Male,38,Bike,ST002,4.4,5755,2025-06-13
RD0479,Gaurangi Deol,Male,44,Bike,ST008,3.6,3623,2024-09-29
RD0480,Indira Nigam,Female,38,Bike,ST014,3.9,4249,2025-05-24
RD0481,Ucchal Srinivas,Female,25,E-Bike,ST011,4.2,762,2025-11-22
RD0482,Krishna Bhatnagar,Male,38,Bike,ST012,4.1,5927,2025-12-20
RD0483,Balhaar Memon,Male,21,Bike,ST002,4.5,1483,2025-02-11
RD0484,Caleb Iyengar,Male,31,E-Bike,ST003,4.5,5828,2025-04-07
RD0485,Diya Mukherjee,Male,35,Bike,ST005,4.7,2685,2025-07-05
RD0486,Urvashi Kulkarni,Male,30,Scooter,ST005,4.7,5515,2025-04-12
RD0487,Rayaan Mangal,Male,37,Bike,ST003,4.8,5353,2024-12-17
RD0488,Champak Narula,Male,25,E-Bike,ST015,4.4,4537,2025-02-23
RD0489,Jeet Pillai,Male,34,Scooter,ST003,4.5,5500,2025-04-17
RD0490,Mugdha Sarraf,Male,35,E-Bike,ST011,4.6,3664,2025-06-17
RD0491,Harinakshi Grover,Male,35,Bike,ST009,4.4,5095,2026-01-18
RD0492,Widisha Pillai,Male,26,Bike,ST010,4.3,1049,2025-07-01
RD0493,Fitan Samra,Male,26,Scooter,ST004,4.3,440,2025-04-08
RD0494,Qushi Gole,Female,25,Bike,ST005,4.1,3269,2025-09-01
RD0495,Ekani Chauhan,Male,31,Bike,ST010,4.5,4862,2025-10-31
RD0496,Falak Merchant,Male,34,Bike,ST005,4.4,4596,2025-05-01
RD0497,Sanaya Sandhu,Female,28,Bicycle,ST011,4.2,3176,2025-06-01
RD0498,Sachi Panchal,Male,29,Scooter,ST001,4.2,3134,2025-01-07
RD0499,Brijesh Pandit,Male,26,Scooter,ST002,4.0,3666,2025-12-19
RD0500,Anvi Bhandari,Male,24,Scooter,ST011,4.7,5212,2025-12-20
RD0501,Nidra Patla,Male,36,Bike,ST010,4.4,5054,2024-12-15
RD0502,Azaan Dhar,Male,40,Bike,ST001,4.1,675,2025-03-17
RD0503,Bakhshi Date,Male,26,Bike,ST014,4.7,3582,2025-02-05
RD0504,Warinder Peri,Male,41,Scooter,ST001,4.2,2298,2026-01-19
RD0505,Leela Bali,Male,33,Bike,ST015,3.9,4800,2024-10-17
RD0506,Shivani Prabhakar,Male,23,E-Bike,ST011,4.8,3045,2025-01-01
RD0507,Sachi Bose,Female,28,Scooter,ST015,4.2,5948,2025-02-28
RD0508,Jeevika Rao,Male,19,Bike,ST015,4.3,2605,2025-07-09
RD0509,Arya Krish,Male,20,Scooter,ST005,4.4,4081,2025-01-24
RD0510,Atharv Grewal,Male,27,Bike,ST012,4.8,669,2025-06-27
RD0511,Zarna Ram,Male,30,Bicycle,ST004,4.4,5595,2025-10-17
RD0512,Adweta Lad,Male,39,E-Bike,ST008,4.0,938,2025-11-30
RD0513,Tanish Mangal,Male,22,E-Bike,ST004,4.6,2282,2024-11-04
RD0514,Ryan Das,Male,40,Bike,ST008,4.2,5028,2024-11-26
RD0515,Ethan Seth,Male,25,Bike,ST014,5.0,5805,2024-11-02
RD0516,Sai Chahal,Male,22,Bike,ST007,4.4,2916,2026-01-12
RD0517,Idika Bhattacharyya,Male,37,Bike,ST002,3.6,2918,2025-08-27
RD0518,Charita Dugar,Male,39,bike,ST005,4.5,311,2025-06-24
RD0519,Janaki Trivedi,Male,34,Bike,ST012,5.0,5873,2025-11-10
RD0520,Jairaj Iyer,Male,22,Bicycle,ST008,5.0,118,2025-07-23
RD0521,Warjas Tak,Male,21,Bike,ST009,5.0,175,2025-01-16
RD0522,Jalsa Pillay,Male,29,Bike,ST007,4.0,2851,2025-06-12
RD0523,Kai Chadha,Male,30,Scooter,ST005,4.7,41,2025-09-24
RD0524,Dayamai Rao,Male,44,Scooter,ST009,4.1,1002,2024-10-02
RD0525,Nirja Rout,Male,26,Scooter,ST010,4.5,3773,2025-08-03
RD0526,Jeremiah Nadig,Male,24,Scooter,ST014,4.0,4236,2025-06-05
RD0527,Shivani Shukla,Male,43,e-bike,ST010,4.2,1803,2024-10-20
RD0528,Kabir Gopal,Male,23,Scooter,ST015,4.2,4776,2025-01-31
RD0529,Rachita Thakkar,Male,19,Bike,ST013,4.7,3654,2025-05-10
RD0530,Jeet Vasa,Female,29,Scooter,ST002,4.7,1385,2025-03-15
RD0531,Daksha Gala,Male,29,Bike,ST006,4.5,4280,2025-02-15
RD0532,Ekantika Kar,Male,35,Bike,ST006,3.9,3561,2025-08-26
RD0533,Zilmil Mander,Male,41,Bike,ST001,4.3,4876,2025-04-17
RD0534,Zashil Hegde,Male,43,Bike,ST003,4.1,943,2025-06-06
RD0535,Jeremiah Mitter,Male,26,Scooter,ST012,4.7,1400,2025-11-14
RD0536,Yadavi Ganguly,Male,44,Bike,ST006,4.8,1835,2024-11-01
RD0537,Onveer Nazareth,Male,35,Bike,ST003,4.8,2061,2025-03-24
RD0538,Ayush Bumb,Female,20,Bike,ST005,4.1,5334,2024-10-22
RD0539,Alka Kade,Male,43,Scooter,ST005,3.4,4400,2026-01-22
RD0540,Azaan Tank,Male,22,Bike,ST003,3.8,3273,2024-12-21
RD0541,Chasmum Subramanian,Male,34,Scooter,ST002,4.9,3251,2025-11-25
RD0542,Nidra Mishra,Male,39,E-Bike,ST012,4.3,5317,2024-12-24
RD0543,Elijah Bhasin,Male,25,Bike,ST013,4.1,2691,2025-03-05
RD0544,Ria Sagar,Female,26,Scooter,ST008,5.0,1366,2025-08-04
RD0545,Ucchal Jani,Male,31,Bike,ST010,4.8,838,2025-12-01
RD0546,Maanas Munshi,Male,42,Bike,ST014,4.4,1993,2024-12-17
RD0547,Hemani Rastogi,Male,24,Scooter,ST013,4.3,3926,2025-01-05
RD0548,Kamala Varma,Male,36,E-Bike,ST001,4.4,2836,2025-12-28
RD0549,Eiravati Khurana,Male,30,Bike,ST015,4.5,2542,2025-03-04
RD0550,Jason Loke,Male,21,Scooter,ST002,5.0,2890,2025-01-03
RD0551,Yug Dhaliwal,Male,37,Bike,ST001,4.5,5849,2025-10-15
RD0552,Chandresh Mannan,Female,40,Scooter,ST007,4.7,5985,2024-10-31
RD0553,Omya Kothari,Male,33,Scooter,ST012,4.8,984,2025-12-20
RD0554,Falak Munshi,Male,23,Scooter,ST002,4.0,704,2025-12-25
RD0555,Nathaniel Tara,Male,23,Scooter,ST005,4.7,1480,2025-12-15
RD0556,Wishi Morar,Female,30,Bike,ST004,4.3,5114,2025-02-18
RD0557,Arin Chana,Male,32,Scooter,ST006,3.5,2767,2024-11-13
RD0558,Yashasvi Shankar,Female,33,Scooter,ST015,3.7,5184,2025-04-28
RD0559,Tanveer Pandit,Male,25,Scooter,ST005,4.0,3887,2025-03-10
RD0560,Chandresh Manda,Male,32,Bike,ST004,4.6,3328,2026-02-08
RD0561,Upma Mangal,Male,26,Bike,ST002,4.4,1703,2025-08-16
RD0562,Hritik Sankar,Male,36,Bike,ST003,4.5,2077,2026-01-31
RD0563,Aishani Pau,Male,39,Bike,ST002,,903,2025-10-19
RD0564,Jasmit Bath,Male,35,Bike,ST009,4.0,3124,2025-09-30
RD0565,Charan Hayer,Male,19,Bike,ST007,4.4,1696,2024-11-11
RD0566,Bhavya Borah,Female,44,Scooter,ST008,4.5,1768,2024-10-19
RD0567,Yamini Seshadri,Female,19,Bike,ST013,4.1,256,2024-10-07
RD0568,Jagat Dave,Male,44,Scooter,ST009,4.4,4798,2025-07-27
RD0569,Meera Prakash,Male,19,Bike,ST003,3.8,5636,2024-12-29
RD0570,Jasmit Dhawan,Male,32,Scooter,ST006,4.9,2999,2026-02-24
RD0571,Yashodhara Ratti,Male,21,Bike,ST005,4.2,3225,2024-11-22
RD0572,Chakradev Barad,Male,21,Bike,ST013,5.0,5556,2026-02-01
RD0573,Gauri Som,Male,36,Scooter,ST005,4.4,3078,2025-09-05
RD0574,Manthan Varma,Male,37,E-Bike,ST003,4.8,3743,2024-11-08
RD0575,Falak Nagar,Male,22,Bike,ST012,4.4,2580,2024-10-14
RD0576,Maya Mistry,Female,44,Bike,ST007,4.4,3095,2025-04-12
RD0577,Yashica Upadhyay,Male,27,Scooter,ST002,4.2,3140,2025-03-13
RD0578,Chandani Soman,Female,27,Scooter,ST011,4.4,4272,2025-02-28
RD0579,Jyoti Narula,Male,26,Bike,ST004,4.5,3633,2025-06-22
RD0580,Omaja Morar,Male,30,Bike,ST014,4.1,3033,2024-11-21
RD0581,Urvi Lanka,Male,23,Bike,ST013,4.4,473,2024-11-21
RD0582,Charan Srinivasan,Male,30,E-Bike,ST006,4.2,5428,2025-09-19
RD0583,Lajita Divan,Male,24,Bike,ST009,5.0,5331,2026-02-24
RD0584,Azad Choudhary,Female,20,Bike,ST009,4.4,1122,2025-02-06
RD0585,Anirudh Sastry,Male,28,Bicycle,ST010,4.9,1774,2026-01-24
RD0586,Omya Doshi,Male,36,Bike,ST002,4.3,5840,2025-03-16
RD0587,Samar Roy,Male,38,Bike,ST005,4.5,1939,2025-03-11
RD0588,David Devi,Male,28,Bike,ST003,3.9,4876,2024-10-31
RD0589,Ekta Sridhar,Male,27,Bike,ST011,4.2,4718,2025-04-27
RD0590,Dipta Ghose,Male,39,Bike,ST002,4.5,5167,2025-06-06
RD0591,Hema Pandya,Male,36,Bike,ST008,5.0,115,2025-09-03
RD0592,Veda Handa,Male,40,Scooter,ST011,4.5,2907,2024-12-06
RD0593,Arya Misra,Male,42,Scooter,ST015,4.9,3401,2024-12-22
RD0594,Chameli Mani,Male,40,Bike,ST005,4.6,5026,2025-05-02
RD0595,Vrinda Nadig,Male,43,Scooter,ST001,5.0,1362,2024-10-20
RD0596,Ikshita Mahal,Male,29,Bike,ST011,4.4,1854,2024-11-28
RD0597,Jairaj Raghavan,Male,29,E-Bike,ST001,5.0,1095,2025-08-15
RD0598,Hemani Dhingra,Male,27,Bike,ST001,4.2,4576,2026-02-05
RD0599,Brijesh Mani,Male,25,Scooter,ST015,4.1,5993,2025-07-16
RD0600,Hiral Sathe,Male,38,bike,ST013,4.0,859,2024-11-29
RD0601,Varenya Kala,Male,37,Scooter,ST011,,1414,2026-02-25
RD0602,Anika Magar,Male,39,Bike,ST013,4.7,1856,2025-06-19
RD0603,Ikbal Khatri,Male,23,Scooter,ST002,4.3,5336,2025-10-01
RD0604,Chandresh Wali,Male,31,Bike,ST002,4.8,2685,2024-12-27
RD0605,Viraj Ben,Female,24,E-Bike,ST005,4.6,1705,2025-07-19
RD0606,Odika Narayanan,Male,42,Bike,ST001,5.0,1947,2024-10-23
RD0607,Harish Devan,Male,25,Scooter,ST014,3.9,3596,2025-08-13
RD0608,Nakul Ray,Male,22,Scooter,ST001,,2334,2024-12-30
RD0609,Vansha Iyengar,Male,33,Bicycle,ST009,4.2,859,2026-01-12
RD0610,Ekani Mangal,Male,41,Bike,ST013,3.7,4924,2024-10-12
RD0611,Gaurav Kata,Male,42,Bike,ST012,4.8,2544,2025-08-28
RD0612,Parth Sahni,Male,21,Bike,ST004,4.3,1554,2024-11-26
RD0613,Balhaar Ranganathan,Male,27,Bike,ST008,4.7,4376,2025-09-15
RD0614,Quincy Mann,Male,22,Scooter,ST009,5.0,4476,2025-06-04
RD0615,Aditya Misra,Female,27,Bicycle,ST012,4.3,947,2026-02-12
RD0616,Gautami Mane,Male,32,Bicycle,ST007,4.3,460,2025-08-27
RD0617,Wakeeta Desai,Male,26,Bike,ST005,4.4,291,2025-03-31
RD0618,Anjali Hans,Male,20,Scooter,ST012,4.7,4599,2024-10-29
RD0619,Ganga Gaba,Male,32,E-Bike,ST014,4.2,3761,2025-07-28
RD0620,Aarini Grewal,Male,20,e-bike,ST008,4.2,4756,2025-05-06
RD0621,Geetika Merchant,Female,24,Bike,ST001,4.8,3765,2024-10-11
RD0622,Parth Ravi,Male,19,bike,ST008,4.5,2422,2025-07-20
RD0623,Yutika Narang,Male,21,Scooter,ST014,3.7,3545,2025-01-03
RD0624,Nandini Chandran,Male,30,Bike,ST015,4.0,4340,2025-01-16
RD0625,Logan Sood,Male,41,Bike,ST007,4.9,2405,2024-09-17
RD0626,Yuvraj Ahuja,Female,39,Bicycle,ST003,4.5,5492,2025-03-31
RD0627,Leela Keer,Male,21,Bicycle,ST009,4.1,5399,2025-01-07
RD0628,Amara Narayan,Male,19,E-Bike,ST013,,4808,2024-10-21
RD0629,Advay Lal,Male,27,Scooter,ST015,4.4,5953,2025-05-03
RD0630,Warinder Bhatia,Female,35,Bike,ST001,,2354,2025-01-08
RD0631,Udyati Mohanty,Male,38,Bike,ST005,3.9,702,2024-11-23
RD0632,Nidra Thakkar,Male,40,Bike,ST008,4.1,2915,2025-05-20
RD0633,Jacob Merchant,Male,27,Scooter,ST002,4.5,4480,2024-10-16
RD0634,Timothy Kanda,Male,23,Bike,ST014,4.4,4680,2026-02-24
RD0635,Vanya Dua,Male,19,Scooter,ST002,4.6,2343,2025-05-22
RD0636,Kashvi Sagar,Male,22,Bike,ST010,4.0,1769,2026-02-28
RD0637,Tejas Kota,Male,20,Scooter,ST014,4.5,2683,2025-12-28
RD0638,Sanya Wable,Male,41,Bike,ST011,4.8,4827,2026-02-19
RD0639,Faras Choudhury,Male,25,Bike,ST012,4.6,382,2025-06-30
RD0640,Yashasvi Jain,Male,40,Bike,ST004,4.4,1981,2025-04-27
RD0641,Nitesh Narang,Female,33,Bike,ST013,4.4,1394,2025-10-03
RD0642,Jackson Jha,Male,33,E-Bike,ST007,4.1,4839,2024-10-26
RD0643,Gavin Uppal,Male,30,Bike,ST001,4.4,2828,2025-12-06
RD0644,Christopher Setty,Male,40,Bike,ST006,4.8,539,2025-03-05
RD0645,Yochana Sagar,Female,20,Scooter,ST006,4.4,1585,2024-09-16
RD0646,Dalbir Shere,Male,21,Scooter,ST008,4.1,285,2025-01-18
RD0647,Anthony Randhawa,Male,30,Bike,ST004,4.2,2863,2025-01-20
RD0648,Aarush Kamdar,Female,29,Bike,ST007,4.5,5986,2024-09-20
RD0649,Chakradev Sampath,Male,33,Bike,ST007,4.3,3412,2025-09-05
RD0650,Devansh Bhasin,Male,38,Scooter,ST005,4.6,5219,2024-11-02
RD0651,Urmi Balay,Male,34,Bike,ST011,4.6,4460,2025-12-09
RD0652,Nilima Gole,Male,25,Bike,ST005,4.7,5299,2025-05-13
RD0653,Osha Prasad,Male,27,Bike,ST012,,1879,2025-10-02
RD0654,Saumya Purohit,Male,38,Scooter,ST004,4.7,5708,2025-03-13
RD0655,Faris Zacharia,Male,24,Bike,ST013,4.1,1447,2024-11-22
RD0656,Ijaya Dani,Male,32,Scooter,ST006,4.1,2641,2024-12-18
RD0657,Maya Wadhwa,Male,33,Bike,ST001,4.4,4094,2025-08-24
RD0658,Udant Aggarwal,Male,38,scooter,ST003,4.2,1735,2025-10-01
RD0659,Chanchal Sheth,Male,37,Bike,ST013,4.0,1601,2025-02-03
RD0660,Ladli Karpe,Male,31,Bike,ST014,4.2,797,2025-03-23
RD0661,Triveni Pal,Male,27,Bike,ST004,4.2,45,2026-01-31
RD0662,Anya Gulati,Male,28,Scooter,ST010,4.2,3017,2025-12-12
RD0663,Azad Saini,Male,29,E-Bike,ST009,4.3,5920,2025-04-21
RD0664,Wridesh Jhaveri,Female,24,Bike,ST003,4.8,1335,2025-01-19
RD0665,Harrison Bandi,Male,35,Bike,ST007,4.5,2652,2025-02-21
RD0666,Chanakya Konda,Male,24,E-Bike,ST011,5.0,5614,2025-06-28
RD0667,Neelima Sarna,Female,35,Bike,ST015,4.5,4638,2025-07-13
RD0668,Teerth Bhalla,Male,38,Bike,ST013,4.3,43,2024-12-20
RD0669,Yahvi Mann,Male,44,Bike,ST002,4.4,3013,2024-10-18
RD0670,Eiravati Nagi,Male,22,Scooter,ST004,4.5,876,2025-06-04
RD0671,Chasmum Dhar,Male,38,Scooter,ST007,4.6,1497,2025-11-13
RD0672,Odika Mital,Male,21,Scooter,ST003,5.0,1493,2024-12-03
RD0673,Darsh Gill,Female,27,Bicycle,ST009,4.1,3682,2025-04-19
RD0674,Warhi Batta,Male,23,Bike,ST001,4.7,1209,2024-12-08
RD0675,Lakshmi Vohra,Male,23,Bike,ST002,4.5,1526,2025-01-20
RD0676,Omaja Rege,Male,23,Bike,ST001,3.9,1370,2025-08-06
RD0677,Charita Puri,Female,20,Bike,ST005,4.7,2154,2025-02-13
RD0678,Urvashi Khosla,Male,40,Bike,ST012,4.8,3943,2025-02-01
RD0679,Charita Dhawan,Male,20,Bike,ST003,4.1,2411,2026-02-27
RD0680,Dalbir Sachar,Male,29,Bike,ST015,4.4,1978,2024-12-14
RD0681,Krish Rama,Male,37,Scooter,ST005,3.8,3115,2024-12-23
RD0682,Aadhya Jani,Male,44,Bike,ST001,4.0,3697,2026-01-23
RD0683,Farhan Sengupta,Male,41,Bike,ST006,4.8,111,2025-07-04
RD0684,George Wason,Male,22,Scooter,ST012,4.2,5343,2024-10-06
RD0685,Charan Loyal,Male,44,Scooter,ST002,4.0,5500,2025-04-28
RD0686,Balveer Bora,Male,35,Scooter,ST002,4.5,3623,2025-07-12
RD0687,Teerth Srinivas,Male,23,Scooter,ST013,4.2,3456,2025-01-26
RD0688,Gaurangi Mitter,Male,30,Scooter,ST009,4.2,4173,2025-07-03
RD0689,Siddharth Gupta,Male,42,Bike,ST006,4.7,2656,2025-08-25
RD0690,Varenya Kibe,Male,29,Bike,ST012,4.0,2205,2025-01-25
RD0691,Mekhala Khatri,Male,23,Scooter,ST013,4.1,2129,2025-11-21
RD0692,Barkha Rai,Male,41,Bike,ST006,4.5,975,2025-05-13
RD0693,Jagrati Morar,Male,43,Bike,ST009,4.7,5050,2026-02-10
RD0694,Jagvi Varghese,Male,44,Bike,ST001,4.8,1937,2024-10-29
RD0695,Unnati Chaudhari,Male,43,Bike,ST005,4.2,1720,2025-03-05
RD0696,Ekaja Jani,Male,41,Bike,ST009,4.7,5786,2025-10-03
RD0697,Dhriti Sachdev,Male,30,Bike,ST003,4.1,3050,2026-01-04
RD0698,Timothy Dhingra,Male,23,Scooter,ST015,5.0,3738,2025-01-09
RD0699,Advika Sahni,Male,35,E-Bike,ST015,4.0,1487,2026-02-19
RD0700,Michael Hayre,Male,24,Bike,ST004,4.9,1679,2024-12-25
RD0701,Victor Raghavan,Male,31,E-Bike,ST006,4.2,4375,2025-04-23
RD0702,Xalak Nazareth,Male,36,Bike,ST003,5.0,2716,2025-02-28
RD0703,Vrinda Swaminathan,Male,43,E-Bike,ST008,4.6,903,2025-04-28
RD0704,Om Pandey,Male,26,Bicycle,ST002,4.0,5016,2026-01-08
RD0705,Logan Suresh,Male,25,Bike,ST006,4.2,2428,2025-10-09
RD0706,Daniel Viswanathan,Male,38,Scooter,ST009,4.7,4017,2025-11-13
RD0707,Falan Bava,Male,19,Bicycle,ST010,4.8,2060,2025-01-26
RD0708,Nitara Devan,Male,33,E-Bike,ST009,4.4,3372,2026-02-01
RD0709,Ekansh Dora,Male,38,Bicycle,ST004,4.4,4658,2025-05-04
RD0710,Tejas Tiwari,Male,33,Scooter,ST012,4.7,5313,2025-08-27
RD0711,Kashvi Bhasin,Female,28,Bike,ST011,4.4,1259,2025-09-21
RD0712,Vinaya Babu,Male,40,Scooter,ST012,3.9,4041,2025-09-02
RD0713,Nisha Arora,Male,28,Scooter,ST008,4.1,5489,2025-07-31
RD0714,Anvi Wason,Male,37,Scooter,ST014,4.5,3863,2025-05-27
RD0715,Anay Thakkar,Male,31,Bike,ST006,4.8,875,2025-08-25
RD0716,Praneel Chhabra,Male,19,Scooter,ST013,5.0,1154,2026-01-10
RD0717,Manthan Khosla,Male,32,Bike,ST004,4.7,1232,2025-04-09
RD0718,Zayyan Pandya,Female,20,Scooter,ST004,4.5,656,2025-06-13
RD0719,Mekhala Brar,Male,43,Bike,ST008,4.7,4527,2024-12-18
RD0720,Nidra Sharaf,Male,34,Scooter,ST009,4.2,5791,2025-03-21
RD0721,Upkaar Mital,Male,28,scooter,ST012,4.3,3110,2025-10-31
RD0722,Azad Chander,Male,31,Bike,ST005,4.1,3601,2025-08-21
RD0723,Ladli Purohit,Male,35,Bike,ST014,4.0,4646,2025-01-03
RD0724,Daksh Andra,Male,25,Bike,ST005,4.5,2505,2025-07-02
RD0725,Fitan Tata,Male,26,Bicycle,ST009,4.5,2845,2025-11-21
RD0726,Garima Chandran,Male,29,Scooter,ST014,4.6,3542,2024-11-18
RD0727,Victor Kakar,Male,25,Bike,ST009,4.6,1841,2024-10-16
RD0728,Anika Batra,Male,38,Bike,ST011,4.5,389,2025-04-11
RD0729,Avni Bali,Male,21,bike,ST014,4.6,3415,2025-08-30
RD0730,Divya Babu,Male,40,Bike,ST015,4.4,4936,2025-02-27
RD0731,Maanas Rao,Male,28,E-Bike,ST008,4.5,457,2025-11-26
RD0732,Chandani Gaba,Male,33,Scooter,ST007,4.1,1315,2025-12-10
RD0733,Lopa Zachariah,Male,23,Bike,ST003,4.5,1592,2025-06-24
RD0734,Leena Dey,Male,29,E-Bike,ST009,4.6,4831,2025-04-03
RD0735,Xiti Pal,Female,38,Bike,ST014,4.2,3037,2024-10-05
RD0736,Guneet Sarkar,Male,26,E-Bike,ST008,4.4,3215,2025-11-26
RD0737,Faqid Oak,Male,22,Bike,ST006,4.2,3878,2026-01-04
RD0738,Eta Balan,Female,32,Scooter,ST002,4.2,1673,2025-05-07
RD0739,Shravya Swaminathan,Male,23,E-Bike,ST006,4.0,4287,2025-06-16
RD0740,Ishani Prashad,Male,27,Bike,ST004,4.8,200,2025-10-21
RD0741,Quincy Rai,Male,30,Scooter,ST015,4.8,700,2025-09-20
RD0742,Chakrika Koshy,Male,33,Bicycle,ST008,4.6,4898,2024-11-24
RD0743,Fitan Loyal,Male,35,Bike,ST003,5.0,3956,2025-09-07
RD0744,Lajita Dube,Male,36,Bike,ST002,4.3,1075,2026-01-20
RD0745,Edhitha Patel,Male,40,Scooter,ST013,5.0,2643,2025-10-19
RD0746,Gavin Ahluwalia,Male,20,Bike,ST014,4.3,329,2025-05-28
RD0747,Sai Parsa,Male,28,Bike,ST012,4.5,4037,2025-06-19
RD0748,Harsh Deo,Male,19,Bike,ST002,4.3,4540,2025-01-29
RD0749,Rachit Sankar,Male,19,Scooter,ST002,4.5,1684,2025-09-01
RD0750,Yauvani Reddy,Male,24,Bike,ST003,4.7,2113,2025-01-20
RD0751,Atharv Chakraborty,Male,34,Bike,ST012,,1436,2025-03-14
RD0752,Girik Nair,Male,42,Scooter,ST012,5.0,2348,2025-02-01
RD0753,Advik Manne,Male,39,Bike,ST013,4.5,1648,2025-03-11
RD0754,Lipika Chad,Male,35,Scooter,ST002,4.5,1497,2025-03-28
RD0755,Omkaar Rai,Male,39,Bike,ST003,4.1,2592,2024-10-27
RD0756,Liam Luthra,Female,23,Bicycle,ST014,4.5,5157,2025-10-01
RD0757,Amrita Tailor,Male,40,Scooter,ST014,4.4,4581,2025-05-06
RD0758,Dev Ganesh,Male,42,Bike,ST011,4.2,1798,2026-02-03
RD0759,Anya Sama,Male,21,E-Bike,ST002,4.1,5658,2024-12-18
RD0760,Veda Bose,Male,31,Bike,ST002,5.0,1276,2025-09-05
RD0761,Zayan Koshy,Male,40,Bike,ST001,4.3,5466,2024-12-17
RD0762,Rohan Shankar,Male,31,Bike,ST011,3.9,1869,2025-07-02
RD0763,Krishna Modi,Female,40,Scooter,ST013,4.2,3250,2025-06-02
RD0764,Meghana Natarajan,Male,43,Bike,ST010,4.4,1234,2025-05-10
RD0765,Forum Sarraf,Male,31,Bike,ST004,4.6,4576,2025-08-29
RD0766,Qushi Deshpande,Female,20,Bike,ST012,4.6,1919,2025-11-30
RD0767,Ekani Iyer,Male,27,Bike,ST001,4.6,5237,2025-03-01
RD0768,Dipta Goel,Male,24,Bike,ST013,4.2,515,2025-12-11
RD0769,Eiravati Manne,Female,31,Bike,ST014,4.5,3021,2024-12-20
RD0770,Xavier Nanda,Female,34,bike,ST011,4.1,968,2025-02-16
RD0771,Avni Ramaswamy,Male,31,bike,ST014,4.2,5335,2025-02-26
RD0772,Ishaan Iyengar,Male,24,Scooter,ST009,4.1,2513,2026-02-05
RD0773,Avi Shenoy,Male,26,bike,ST008,4.0,4053,2024-11-15
RD0774,Raksha Manne,Male,36,Scooter,ST005,4.8,5279,2025-04-12
RD0775,Nilima Tata,Male,19,Bike,ST014,4.6,3223,2025-04-28
RD0776,Chavvi Khurana,Male,24,Bike,ST011,4.7,362,2025-11-15
RD0777,Mitesh Sampath,Male,42,Bike,ST003,,1339,2025-05-30
RD0778,Ethan Sen,Male,21,Bike,ST015,4.7,1291,2026-02-12
RD0779,Nandini Warrior,Male,29,Bike,ST001,3.8,5486,2025-10-14
RD0780,Balhaar Parsa,Male,24,Scooter,ST009,4.7,5451,2025-09-24
RD0781,Ikbal Kothari,Male,21,Bike,ST003,4.5,2872,2025-10-20
RD0782,Ojas Basu,Male,29,Bike,ST010,4.6,5342,2024-12-08
RD0783,Garima Sani,Male,32,Scooter,ST007,4.5,1491,2025-05-11
RD0784,Advaith Chaudhari,Male,23,Bike,ST007,4.1,4083,2025-07-23
RD0785,Tristan Uppal,Male,21,Bike,ST011,3.9,2363,2025-01-02
RD0786,Sanaya Prasad,Male,22,Bike,ST012,4.2,1458,2024-11-15
RD0787,Ubika Tella,Male,35,Bike,ST006,4.6,1515,2024-11-24
RD0788,Hemani Bakshi,Male,41,Bike,ST015,4.6,2530,2025-11-09
RD0789,Henry Merchant,Male,23,Scooter,ST008,3.9,2051,2025-08-30
RD0790,Frederick D’Alia,Male,27,E-Bike,ST003,4.1,1283,2025-02-10
RD0791,Ijaya Muni,Female,27,Bike,ST001,4.1,2018,2025-10-12
RD0792,Tamanna Jhaveri,Male,28,Scooter,ST004,4.3,788,2025-09-19
RD0793,Ijaya Soni,Male,25,Scooter,ST011,3.9,5818,2025-11-23
RD0794,Raksha Sethi,Male,20,Bike,ST009,3.9,2292,2026-01-12
RD0795,Ekalinga Mital,Male,32,Scooter,ST006,4.1,662,2025-12-28
RD0796,Ishwar Bajaj,Male,28,Scooter,ST008,4.4,3463,2024-12-18
RD0797,Ikbal Gala,Male,27,E-Bike,ST013,4.0,5301,2025-10-29
RD0798,Zaitra Ghosh,Male,25,Bicycle,ST009,4.4,2172,2025-04-11
RD0799,Ganga Sandhu,Female,43,Bike,ST001,4.8,5074,2025-04-16
RD0800,Vincent Ravel,Male,34,Bike,ST001,3.9,3672,2025-08-25
